[
  {
    "id": "5debd76480edafc8af244228",
    "author": {
      "id": "5debd764a7c57c7839d722e9",
      "name": {
        "first": "Poole",
        "last": "Sanders"
      },
      "email": "poole.sanders@holberton.nz",
      "picture": "http://placehold.it/32x32",
      "age": 25
    },
    "context": {
      "guid": "2d8e40be-1c78-4de0-afc9-fcc147afd4d2",
      "isRead": true,
      "type": "urgent",
      "value": "Lorem ipsum dolor sit amet, consectetur adipiscing elit, sed do eiusmod tempor incididunt."
    }
  },
  {
    "id": "5debd764507712e7a1307303",
    "author": {
      "id": "5debd7648ba8641ce0a34ea4",
      "name": {
        "first": "Norton",
        "last": "Grimes"
      },
      "email": "norton.grimes@holberton.nz",
      "picture": "http://placehold.it/32x32",
      "age": 37
    },
    "context": {
      "guid": "cec84b7a-7be4-4af0-b833-f1485433f66e",
      "isRead": false,
      "type": "urgent",
      "value": "ut labore et dolore magna aliqua. Dignissim convallis aenean et tortor at risus viverra adipiscing. Ac tortor dignissim convallis aenean et. "
    }
  },
  {
    "id": "5debd76444dd4dafea89d53b",
    "author": {
      "id": "5debd764a7c57c7839d722e9",
      "name": {
        "first": "Poole",
        "last": "Sanders"
      },
      "email": "poole.sanders@holberton.nz",
      "picture": "http://placehold.it/32x32",
      "age": 25
    },
    "context": {
      "guid": "280913fe-38dd-4abd-8ab6-acdb4105f922",
      "isRead": false,
      "type": "urgent",
      "value": "Non diam phasellus vestibulum lorem sed risus ultricies. Tellus mauris a diam maecenas sed"
    }
  },
  {
    "id": "5debd76485ee4dfd1284f97b",
    "author": {
      "id": "5debd764f07f50822352e252",
      "name": {
        "first": "Roach",
        "last": "Cameron"
      },
      "email": "roach.cameron@holberton.nz",
      "picture": "http://placehold.it/32x32",
      "age": 26
    },
    "context": {
      "guid": "89906f88-a02d-41ee-b214-daa0c54633e3",
      "isRead": true,
      "type": "urgent",
      "value": "Odio pellentesque diam volutpat commodo sed egestas egestas"
    }
  },
  {
    "id": "5debd7644e561e022d66e61a",
    "author": {
      "id": "5debd764e66586653a8a33f3",
      "name": {
        "first": "Christy",
        "last": "Collier"
      },
      "email": "christy.collier@holberton.nz",
      "picture": "http://placehold.it/32x32",
      "age": 27
    },
    "context": {
      "guid": "f8d66cca-63ec-4f19-a422-a3e1c8f05a36",
      "isRead": false,
      "type": "urgent",
      "value": "In hendrerit gravida rutrum quisque non tellus orci. Gravida dictum fusce ut placerat orci nulla pellentesque dignissim enim. Lorem mollis aliquam ut porttitor"
    }
  },
  {
    "id": "5debd7644aaed86c97bf9d5e",
    "author": {
      "id": "5debd764f5017139ce541857",
      "name": {
        "first": "Mason",
        "last": "Douglas"
      },
      "email": "mason.douglas@holberton.nz",
      "picture": "http://placehold.it/32x32",
      "age": 31
    },
    "context": {
      "guid": "de55f849-8fca-4ac7-afbb-41751f09d0c6",
      "isRead": false,
      "type": "default",
      "value": "Cursus metus aliquam eleifend mi in nulla posuere. "
    }
  },
  {
    "id": "5debd76413f0d5e5429c28a0",
    "author": {
      "id": "5debd76456a6a030695e6a70",
      "name": {
        "first": "Marshall",
        "last": "Wynn"
      },
      "email": "marshall.wynn@holberton.nz",
      "picture": "http://placehold.it/32x32",
      "age": 26
    },
    "context": {
      "guid": "8094c267-ab84-47e1-8801-58ddd23f3b2a",
      "isRead": false,
      "type": "default",
      "value": "Quam viverra orci sagittis eu volutpat odio facilisis mauris sit"
    }
  },
  {
    "id": "5debd7642e815cd350407777",
    "author": {
      "id": "5debd764f8452ef92346c772",
      "name": {
        "first": "Cherry",
        "last": "Miles"
      },
      "email": "cherry.miles@holberton.nz",
      "picture": "http://placehold.it/32x32",
      "age": 25
    },
    "context": {
      "guid": "3068c575-d619-40af-bf12-dece1ee18dd3",
      "isRead": true,
      "type": "default",
      "value": "Est ante in nibh mauris cursus mattis molestie a iaculis. Eget lorem dolor sed viverra ipsum nunc aliquet bibendum enim"
    }
  },
  {
    "id": "5debd764c1127bc5a490a4d0",
    "author": {
      "id": "5debd76470dcced4a244fe7f",
      "name": {
        "first": "Sykes",
        "last": "Fulton"
      },
      "email": "sykes.fulton@holberton.nz",
      "picture": "http://placehold.it/32x32",
      "age": 36
    },
    "context": {
      "guid": "efb6c485-00f7-4fdf-97cc-5e12d14d6c41",
      "isRead": false,
      "type": "default",
      "value": "Cursus risus at ultrices mi."
    }
  },
  {
    "id": "5debd7646ef31e0861ec1cab",
    "author": {
      "id": "5debd7645c8d811b8c6a235d",
      "name": {
        "first": "Valentine",
        "last": "Juarez"
      },
      "email": "valentine.juarez@holberton.nz",
      "picture": "http://placehold.it/32x32",
      "age": 25
    },
    "context": {
      "guid": "1d3918d0-67e6-44a4-9031-72d7750234de",
      "isRead": true,
      "type": "default",
      "value": "Velit laoreet id donec ultrices tincidunt arcu non. Aliquet eget sit amet tellus cras adipiscing"
    }
  },
  {
    "id": "5debd764a4f11eabef05a81d",
    "author": {
      "id": "5debd764d0b0e7ed3e45ee6d",
      "name": {
        "first": "Maryann",
        "last": "Larson"
      },
      "email": "maryann.larson@holberton.nz",
      "picture": "http://placehold.it/32x32",
      "age": 32
    },
    "context": {
      "guid": "98fe7af4-8300-461f-a376-c147b2987616",
      "isRead": false,
      "type": "default",
      "value": "Ac placerat vestibulum lectus mauris ultrices eros in cursus. Amet nisl suscipit adipiscing bibendum est ultricies integer. Lorem donec massa sapien faucibus et molestie ac"
    }
  },
  {
    "id": "5debd764af0fdd1fc815ad9b",
    "author": {
      "id": "5debd764fb6db3a5c21ce617",
      "name": {
        "first": "Naomi",
        "last": "Hayes"
      },
      "email": "naomi.hayes@holberton.nz",
      "picture": "http://placehold.it/32x32",
      "age": 30
    },
    "context": {
      "guid": "cd1a09cf-ad6e-4478-9662-18a292807e2e",
      "isRead": false,
      "type": "urgent",
      "value": "Nulla malesuada pellentesque elit eget gravida cum sociis"
    }
  },
  {
    "id": "5debd76468cb5b277fd125f4",
    "author": {
      "id": "5debd764f7234e1d44828515",
      "name": {
        "first": "Knowles",
        "last": "Vazquez"
      },
      "email": "knowles.vazquez@holberton.nz",
      "picture": "http://placehold.it/32x32",
      "age": 28
    },
    "context": {
      "guid": "0f446b01-37c3-4884-9dc6-316f23b7711b",
      "isRead": false,
      "type": "urgent",
      "value": "Elit eget gravida cum sociis natoque penatibus et. Congue mauris rhoncus aenean vel"
    }
  },
  {
    "id": "5debd764de9fa684468cdc0b",
    "author": {
      "id": "5debd764ec7c8d21449be7d7",
      "name": {
        "first": "Greta",
        "last": "Benjamin"
      },
      "email": "greta.benjamin@holberton.nz",
      "picture": "http://placehold.it/32x32",
      "age": 23
    },
    "context": {
      "guid": "4cc5bc3a-98fe-4392-b97d-6a41da1d944b",
      "isRead": false,
      "type": "default",
      "value": "Leo vel fringilla est ullamcorper. Volutpat consequat mauris nunc congue"
    }
  }
]
